species	mutation	sequence_type	reference_accession	mean_plddt	pae_file_present	model_status	best_model_file_name
Amaranthus palmeri	WT	wildtype	ATE88443.1	84.93	yes	completed	APAL_WT_ATE88443_f2ebe_0/APAL_WT_ATE88443_f2ebe_0_unrelaxed_rank_001_alphafold2_ptm_model_5_seed_000.pdb
Amaranthus tuberculatus	WT	wildtype	ABD52326.1	84.60	yes	completed	ATUB_WT_ABD52326_8c7b7/ATUB_WT_ABD52326_8c7b7_unrelaxed_rank_001_alphafold2_ptm_model_5_seed_000.pdb
Amaranthus retroflexus	WT	wildtype	QDQ68833.1	85.26	yes	completed	ARET_WT_QDQ68833_b13ed/ARET_WT_QDQ68833_b13ed_unrelaxed_rank_001_alphafold2_ptm_model_3_seed_000.pdb
Amaranthus palmeri	V361A	mutant	ATE88443.1	84.97	yes	completed	APAL_V361A_ATE88443_303f1/APAL_V361A_ATE88443_303f1_unrelaxed_rank_001_alphafold2_ptm_model_3_seed_000.pdb
Amaranthus palmeri	Delta G210	mutant	ATE88443.1	84.21	yes	completed	APAL_DeltaG210_89355/APAL_DeltaG210_89355_unrelaxed_rank_001_alphafold2_ptm_model_3_seed_000.pdb
Amaranthus palmeri	R128G	mutant	ATE88443.1	84.78	yes	completed	APAL_R128G_96ab9/APAL_R128G_96ab9_unrelaxed_rank_001_alphafold2_ptm_model_3_seed_000.pdb
Amaranthus palmeri	R128M	mutant	ATE88443.1	84.80	yes	completed	APAL_R128M_4a006/APAL_R128M_4a006_unrelaxed_rank_001_alphafold2_ptm_model_3_seed_000.pdb
Amaranthus tuberculatus	Delta G210	mutant	ABD52326.1	84.37	yes	completed	ATUB_DeltaG210_77dd0/ATUB_DeltaG210_77dd0_unrelaxed_rank_001_alphafold2_ptm_model_5_seed_000.pdb
Amaranthus tuberculatus	R128G	mutant	ABD52326.1	84.39	yes	completed	ATUB_R128G_77cf5/ATUB_R128G_77cf5_unrelaxed_rank_001_alphafold2_ptm_model_3_seed_000.pdb
Amaranthus palmeri	G399A	mutant	ATE88443.1	84.90	yes	completed	APAL_G399A_f8de5/APAL_G399A_f8de5_unrelaxed_rank_001_alphafold2_ptm_model_5_seed_000.pdb
Amaranthus tuberculatus	R128I	mutant	ABD52326.1	84.53	yes	completed	ATUB_R128I_abb70/ATUB_R128I_abb70_unrelaxed_rank_001_alphafold2_ptm_model_3_seed_000.pdb
Amaranthus retroflexus	R128G	mutant	QDQ68833.1	84.00	yes	completed	ARET_R128G_546f0/ARET_R128G_546f0_unrelaxed_rank_001_alphafold2_ptm_model_3_seed_000.pdb
