model_id	species	reference_accession	mutation	sequence_type	modeling_tool	modeling_mode	input_fasta	external_output_zip_path	best_model_file_name	mean_plddt	pae_file_present	model_status	notes	dashboard_pdb_path
APAL_WT	Amaranthus palmeri	ATE88443.1	WT	wildtype	ColabFold	AlphaFold2_mmseqs2	modeling_inputs\colabfold\wildtype\Amaranthus_palmeri_ATE88443.1_WT.fasta	C:\Users\gzc0063\OneDrive - Auburn University\Documents\PPO_ColabFold_outputs_raw\APAL_WT_ATE88443_f2ebe_0.result.zip	APAL_WT_ATE88443_f2ebe_0/APAL_WT_ATE88443_f2ebe_0_unrelaxed_rank_001_alphafold2_ptm_model_5_seed_000.pdb	84.93	yes	completed	rank_001 score JSON: APAL_WT_ATE88443_f2ebe_0/APAL_WT_ATE88443_f2ebe_0_scores_rank_001_alphafold2_ptm_model_5_seed_000.json; ColabFold model metadata inspected from external ZIP.	structures/dashboard_models/APAL_WT_ATE88443_f2ebe_0_unrelaxed_rank_001_alphafold2_ptm_model_5_seed_000.pdb
ATUB_WT	Amaranthus tuberculatus	ABD52326.1	WT	wildtype	ColabFold	AlphaFold2_mmseqs2	modeling_inputs\colabfold\wildtype\Amaranthus_tuberculatus_ABD52326.1_WT.fasta	C:\Users\gzc0063\OneDrive - Auburn University\Documents\PPO_ColabFold_outputs_raw\ATUB_WT_ABD52326_8c7b7.result.zip	ATUB_WT_ABD52326_8c7b7/ATUB_WT_ABD52326_8c7b7_unrelaxed_rank_001_alphafold2_ptm_model_5_seed_000.pdb	84.60	yes	completed	rank_001 score JSON: ATUB_WT_ABD52326_8c7b7/ATUB_WT_ABD52326_8c7b7_scores_rank_001_alphafold2_ptm_model_5_seed_000.json; ColabFold model metadata inspected from external ZIP.	structures/dashboard_models/ATUB_WT_ABD52326_8c7b7_unrelaxed_rank_001_alphafold2_ptm_model_5_seed_000.pdb
ARET_WT	Amaranthus retroflexus	QDQ68833.1	WT	wildtype	ColabFold	AlphaFold2_mmseqs2	modeling_inputs\colabfold\wildtype\Amaranthus_retroflexus_QDQ68833.1_WT.fasta	C:\Users\gzc0063\OneDrive - Auburn University\Documents\PPO_ColabFold_outputs_raw\ARET_WT_QDQ68833_b13ed.result.zip	ARET_WT_QDQ68833_b13ed/ARET_WT_QDQ68833_b13ed_unrelaxed_rank_001_alphafold2_ptm_model_3_seed_000.pdb	85.26	yes	completed	rank_001 score JSON: ARET_WT_QDQ68833_b13ed/ARET_WT_QDQ68833_b13ed_scores_rank_001_alphafold2_ptm_model_3_seed_000.json; ColabFold model metadata inspected from external ZIP.	structures/dashboard_models/ARET_WT_QDQ68833_b13ed_unrelaxed_rank_001_alphafold2_ptm_model_3_seed_000.pdb
APAL_V361A	Amaranthus palmeri	ATE88443.1	V361A	mutant	ColabFold	AlphaFold2_mmseqs2	modeling_inputs\colabfold\mutants\Amaranthus_palmeri_ATE88443.1_V361A_MUTSEQ_001.fasta	C:\Users\gzc0063\OneDrive - Auburn University\Documents\PPO_ColabFold_outputs_raw\APAL_V361A_ATE88443_303f1.result.zip	APAL_V361A_ATE88443_303f1/APAL_V361A_ATE88443_303f1_unrelaxed_rank_001_alphafold2_ptm_model_3_seed_000.pdb	84.97	yes	completed	rank_001 score JSON: APAL_V361A_ATE88443_303f1/APAL_V361A_ATE88443_303f1_scores_rank_001_alphafold2_ptm_model_3_seed_000.json; ColabFold model metadata inspected from external ZIP.	structures/dashboard_models/APAL_V361A_ATE88443_303f1_unrelaxed_rank_001_alphafold2_ptm_model_3_seed_000.pdb
APAL_DeltaG210	Amaranthus palmeri	ATE88443.1	Delta G210	mutant	ColabFold	AlphaFold2_mmseqs2	modeling_inputs\colabfold\mutants\Amaranthus_palmeri_ATE88443.1_Delta_G210_MUTSEQ_002.fasta	C:\Users\gzc0063\OneDrive - Auburn University\Documents\PPO_ColabFold_outputs_raw\APAL_DeltaG210_89355.result.zip	APAL_DeltaG210_89355/APAL_DeltaG210_89355_unrelaxed_rank_001_alphafold2_ptm_model_3_seed_000.pdb	84.21	yes	completed	rank_001 score JSON: APAL_DeltaG210_89355/APAL_DeltaG210_89355_scores_rank_001_alphafold2_ptm_model_3_seed_000.json; ColabFold model metadata inspected from external ZIP.	structures/dashboard_models/APAL_DeltaG210_89355_unrelaxed_rank_001_alphafold2_ptm_model_3_seed_000.pdb
APAL_R128G	Amaranthus palmeri	ATE88443.1	R128G	mutant	ColabFold	AlphaFold2_mmseqs2	modeling_inputs\colabfold\mutants\Amaranthus_palmeri_ATE88443.1_R128G_MUTSEQ_003.fasta	C:\Users\gzc0063\OneDrive - Auburn University\Documents\PPO_ColabFold_outputs_raw\APAL_R128G_96ab9.result.zip	APAL_R128G_96ab9/APAL_R128G_96ab9_unrelaxed_rank_001_alphafold2_ptm_model_3_seed_000.pdb	84.78	yes	completed	rank_001 score JSON: APAL_R128G_96ab9/APAL_R128G_96ab9_scores_rank_001_alphafold2_ptm_model_3_seed_000.json; ColabFold model metadata inspected from external ZIP.	structures/dashboard_models/APAL_R128G_96ab9_unrelaxed_rank_001_alphafold2_ptm_model_3_seed_000.pdb
APAL_R128M	Amaranthus palmeri	ATE88443.1	R128M	mutant	ColabFold	AlphaFold2_mmseqs2	modeling_inputs\colabfold\mutants\Amaranthus_palmeri_ATE88443.1_R128M_MUTSEQ_004.fasta	C:\Users\gzc0063\OneDrive - Auburn University\Documents\PPO_ColabFold_outputs_raw\APAL_R128M_4a006.result.zip	APAL_R128M_4a006/APAL_R128M_4a006_unrelaxed_rank_001_alphafold2_ptm_model_3_seed_000.pdb	84.80	yes	completed	rank_001 score JSON: APAL_R128M_4a006/APAL_R128M_4a006_scores_rank_001_alphafold2_ptm_model_3_seed_000.json; ColabFold model metadata inspected from external ZIP.	structures/dashboard_models/APAL_R128M_4a006_unrelaxed_rank_001_alphafold2_ptm_model_3_seed_000.pdb
ATUB_DeltaG210	Amaranthus tuberculatus	ABD52326.1	Delta G210	mutant	ColabFold	AlphaFold2_mmseqs2	modeling_inputs\colabfold\mutants\Amaranthus_tuberculatus_ABD52326.1_Delta_G210_MUTSEQ_008.fasta	C:\Users\gzc0063\OneDrive - Auburn University\Documents\PPO_ColabFold_outputs_raw\ATUB_DeltaG210_77dd0.result.zip	ATUB_DeltaG210_77dd0/ATUB_DeltaG210_77dd0_unrelaxed_rank_001_alphafold2_ptm_model_5_seed_000.pdb	84.37	yes	completed	rank_001 score JSON: ATUB_DeltaG210_77dd0/ATUB_DeltaG210_77dd0_scores_rank_001_alphafold2_ptm_model_5_seed_000.json; ColabFold model metadata inspected from external ZIP.	structures/dashboard_models/ATUB_DeltaG210_77dd0_unrelaxed_rank_001_alphafold2_ptm_model_5_seed_000.pdb
ATUB_R128G	Amaranthus tuberculatus	ABD52326.1	R128G	mutant	ColabFold	AlphaFold2_mmseqs2	modeling_inputs\colabfold\mutants\Amaranthus_tuberculatus_ABD52326.1_R128G_MUTSEQ_009.fasta	C:\Users\gzc0063\OneDrive - Auburn University\Documents\PPO_ColabFold_outputs_raw\ATUB_R128G_77cf5.result.zip	ATUB_R128G_77cf5/ATUB_R128G_77cf5_unrelaxed_rank_001_alphafold2_ptm_model_3_seed_000.pdb	84.39	yes	completed	rank_001 score JSON: ATUB_R128G_77cf5/ATUB_R128G_77cf5_scores_rank_001_alphafold2_ptm_model_3_seed_000.json; ColabFold model metadata inspected from external ZIP.	structures/dashboard_models/ATUB_R128G_77cf5_unrelaxed_rank_001_alphafold2_ptm_model_3_seed_000.pdb
APAL_G399A	Amaranthus palmeri	ATE88443.1	G399A	mutant	ColabFold	AlphaFold2_mmseqs2	modeling_inputs\colabfold\mutants\Amaranthus_palmeri_ATE88443.1_G399A_MUTSEQ_017.fasta				no	needs_manual_check	ColabFold ZIP not found at external path.	
ATUB_R128I	Amaranthus tuberculatus	ABD52326.1	R128I	mutant	ColabFold	AlphaFold2_mmseqs2	modeling_inputs\colabfold\mutants\Amaranthus_tuberculatus_ABD52326.1_R128I_MUTSEQ_019.fasta	C:\Users\gzc0063\OneDrive - Auburn University\Documents\PPO_ColabFold_outputs_raw\ATUB_R128I_abb70.result.zip	ATUB_R128I_abb70/ATUB_R128I_abb70_unrelaxed_rank_001_alphafold2_ptm_model_3_seed_000.pdb	84.53	yes	completed	rank_001 score JSON: ATUB_R128I_abb70/ATUB_R128I_abb70_scores_rank_001_alphafold2_ptm_model_3_seed_000.json; ColabFold model metadata inspected from external ZIP.	structures/dashboard_models/ATUB_R128I_abb70_unrelaxed_rank_001_alphafold2_ptm_model_3_seed_000.pdb
ARET_R128G	Amaranthus retroflexus	QDQ68833.1	R128G	mutant	ColabFold	AlphaFold2_mmseqs2	modeling_inputs\colabfold\mutants\Amaranthus_retroflexus_QDQ68833.1_R128G_MUTSEQ_022.fasta	C:\Users\gzc0063\OneDrive - Auburn University\Documents\PPO_ColabFold_outputs_raw\ARET_R128G_546f0.result.zip	ARET_R128G_546f0/ARET_R128G_546f0_unrelaxed_rank_001_alphafold2_ptm_model_3_seed_000.pdb	84.00	yes	completed	rank_001 score JSON: ARET_R128G_546f0/ARET_R128G_546f0_scores_rank_001_alphafold2_ptm_model_3_seed_000.json; ColabFold model metadata inspected from external ZIP.	structures/dashboard_models/ARET_R128G_546f0_unrelaxed_rank_001_alphafold2_ptm_model_3_seed_000.pdb
