mutation_id	species	gene_or_isoform	protein_accession	nucleotide_accession	mutation	wildtype_residue	mutant_residue	residue_position	mutation_type	herbicide_class	specific_herbicides_tested	resistance_phenotype	evidence_type	citation_key	paper_id	doi	pmid	figure_or_table	verification_status	notes
MUT_EVID_001	Amaranthus palmeri	PPX2			V361A	V	A	361	substitution	PPO-inhibiting herbicide (WSSA/HRAC Group 14)	fomesafen; lactofen	V361A in PPX2 conferred resistance to fomesafen and lactofen in a transformed bacterial strain; the Alabama population without G210/R128 mutations showed fomesafen resistance ratios of 3.1 to 3.5.	genotyping; candidate mutation screening; transformed bacterial complementation/growth assay; greenhouse dose-response context	Nie_2023_Plants_V361A	PAPER_003	10.3390/plants12091886		Abstract; Table 2; Figure 3; Figure 4	verified	Promote as a positive target-site resistance evidence row. Do not promote Delta G210, R128G/M, or G399A from this paper based only on this paper because those were primarily background/screening/context here.
MUT_EVID_002	Amaranthus palmeri	PPX2			Delta G210	G		210	deletion	PPO-inhibiting herbicide (WSSA/HRAC Group 14)	fomesafen	Mutation detected among Arkansas Palmer amaranth accessions surviving fomesafen screen; reported frequency: 82/167 accessions (49%).	whole-plant fomesafen screen; TaqMan qPCR genotyping; statewide field-accession survey	Varanasi_2018_WeedScience_ArkansasSurvey	PAPER_006	10.1017/wsc.2017.68		Abstract; Figure 1; Table 2	verified	Survey/association evidence for prevalent PPX2 target-site mechanisms in fomesafen-resistant Palmer amaranth; not a transformed functional assay.
MUT_EVID_003	Amaranthus palmeri	PPX2			R128G	R	G	128	substitution	PPO-inhibiting herbicide (WSSA/HRAC Group 14)	fomesafen	Mutation detected among Arkansas Palmer amaranth accessions surviving fomesafen screen; reported frequency: 47/167 accessions (28%).	whole-plant fomesafen screen; TaqMan qPCR genotyping; statewide field-accession survey	Varanasi_2018_WeedScience_ArkansasSurvey	PAPER_006	10.1017/wsc.2017.68		Abstract; Figure 1; Table 2	verified	Survey/association evidence for prevalent PPX2 target-site mechanisms in fomesafen-resistant Palmer amaranth; not a transformed functional assay.
MUT_EVID_004	Amaranthus palmeri	PPX2			R128M	R	M	128	substitution	PPO-inhibiting herbicide (WSSA/HRAC Group 14)	fomesafen	Mutation detected among Arkansas Palmer amaranth accessions surviving fomesafen screen; reported frequency: 3/167 accessions (rare).	whole-plant fomesafen screen; TaqMan qPCR genotyping; statewide field-accession survey	Varanasi_2018_WeedScience_ArkansasSurvey	PAPER_006	10.1017/wsc.2017.68		Abstract; Figure 1; Table 2	verified	Survey/association evidence for prevalent PPX2 target-site mechanisms in fomesafen-resistant Palmer amaranth; not a transformed functional assay.
MUT_EVID_005	Amaranthus palmeri	PPX2			Delta G210	G		210	deletion	PPO-inhibiting herbicide (WSSA/HRAC Group 14)	fomesafen	detected in 47% of resistant plants after fomesafen selection in Tennessee Palmer amaranth survey.	field fomesafen selection; TaqMan qPCR; dCAPS genotyping; survey of surviving plants	Copeland_2018_WeedTechnology_TennesseeSurvey	PAPER_016	10.1017/wet.2018.59		Abstract; Figures/Tables in results	verified	All detected mutations were reported as heterozygous; no more than one of the three PPX2 mutations was detected in an individual surviving plant.
MUT_EVID_006	Amaranthus palmeri	PPX2			R128G	R	G	128	substitution	PPO-inhibiting herbicide (WSSA/HRAC Group 14)	fomesafen	accounted for 42% of resistance after fomesafen selection in Tennessee Palmer amaranth survey.	field fomesafen selection; TaqMan qPCR; dCAPS genotyping; survey of surviving plants	Copeland_2018_WeedTechnology_TennesseeSurvey	PAPER_016	10.1017/wet.2018.59		Abstract; Figures/Tables in results	verified	All detected mutations were reported as heterozygous; no more than one of the three PPX2 mutations was detected in an individual surviving plant.
MUT_EVID_007	Amaranthus palmeri	PPX2			R128M	R	M	128	substitution	PPO-inhibiting herbicide (WSSA/HRAC Group 14)	fomesafen	accounted for 10% of resistance after fomesafen selection in Tennessee Palmer amaranth survey.	field fomesafen selection; TaqMan qPCR; dCAPS genotyping; survey of surviving plants	Copeland_2018_WeedTechnology_TennesseeSurvey	PAPER_016	10.1017/wet.2018.59		Abstract; Figures/Tables in results	verified	All detected mutations were reported as heterozygous; no more than one of the three PPX2 mutations was detected in an individual surviving plant.
MUT_EVID_008	Amaranthus tuberculatus	PPO2/PPX2			Delta G210	G		210	deletion	PPO-inhibiting herbicide (WSSA/HRAC Group 14)	fomesafen; saflufenacil; trifludimoxazin; field assays also included lactofen	Biotype with Delta G210 showed resistance/susceptible ratios for fomesafen and saflufenacil but did not show reduced sensitivity to trifludimoxazin within species.	greenhouse dose-response; field experiments; resistant/susceptible ratio comparisons	Steppig_2025_WeedScience_Trifludimoxazin	PAPER_008	10.1017/wsc.2024.103		Abstract; Table 1; Table 2; Table 3; Table 4	verified	Positive evidence for fomesafen/saflufenacil resistance phenotype, and negative evidence for trifludimoxazin cross-resistance.
MUT_EVID_009	Amaranthus tuberculatus	PPO2/PPX2			R128G	R	G	128	substitution	PPO-inhibiting herbicide (WSSA/HRAC Group 14)	fomesafen; saflufenacil; trifludimoxazin	Biotype with R128G showed resistance/susceptible ratios for fomesafen and saflufenacil but did not show reduced sensitivity to trifludimoxazin within species.	greenhouse dose-response; resistant/susceptible ratio comparisons	Steppig_2025_WeedScience_Trifludimoxazin	PAPER_008	10.1017/wsc.2024.103		Abstract; Table 1; Table 2; Table 3	verified	Positive evidence for fomesafen/saflufenacil resistance phenotype, and negative evidence for trifludimoxazin cross-resistance.
MUT_EVID_010	Amaranthus palmeri	PPO2/PPX2			Delta G210	G		210	deletion	PPO-inhibiting herbicide (WSSA/HRAC Group 14)	fomesafen; saflufenacil; trifludimoxazin	Biotype with Delta G210 showed resistance/susceptible ratios for fomesafen and saflufenacil but did not show reduced sensitivity to trifludimoxazin within species.	greenhouse dose-response; resistant/susceptible ratio comparisons	Steppig_2025_WeedScience_Trifludimoxazin	PAPER_008	10.1017/wsc.2024.103		Abstract; Table 1; Table 2; Table 3	verified	Positive evidence for fomesafen/saflufenacil resistance phenotype, and negative evidence for trifludimoxazin cross-resistance.
MUT_EVID_011	Amaranthus palmeri	PPO2/PPX2			V361A	V	A	361	substitution	PPO-inhibiting herbicide (WSSA/HRAC Group 14)	fomesafen; saflufenacil; trifludimoxazin	Biotype with V361A showed resistance/susceptible ratios for fomesafen and saflufenacil but did not show reduced sensitivity to trifludimoxazin within species.	greenhouse dose-response; resistant/susceptible ratio comparisons	Steppig_2025_WeedScience_Trifludimoxazin	PAPER_008	10.1017/wsc.2024.103		Abstract; Table 1; Table 2; Table 3	verified	Positive evidence for fomesafen/saflufenacil resistance phenotype, and negative evidence for trifludimoxazin cross-resistance.
MUT_EVID_012	Amaranthus palmeri	PPX2			Delta G210	G		210	deletion	PPO-inhibiting herbicide (WSSA/HRAC Group 14)	epyrifenacil; saflufenacil; saflufenacil + trifludimoxazin	Delta G210 was significantly associated with reduced injury/reduced relative efficacy of epyrifenacil in some Palmer amaranth accessions; follow-up showed epyrifenacil generally provided strong control of high-Delta G210 accessions.	whole-plant bioassay; short-read PPX2 cDNA sequencing; same-plant association analysis	Montgomery_2025_WeedTechnology_Epyrifenacil	PAPER_017	10.1017/wet.2025.40		Abstract; Table 1; Table 2; Figure 2; Table S2	verified	This is an epyrifenacil-efficacy association row, not proof of broad cross-resistance to all PPO inhibitors.
MUT_EVID_013	Amaranthus tuberculatus	PPX2			Delta G210	G		210	deletion	PPO-inhibiting herbicide (WSSA/HRAC Group 14)	epyrifenacil; saflufenacil; saflufenacil + trifludimoxazin	Delta G210 was significantly associated with reduced injury/reduced relative efficacy of epyrifenacil in waterhemp, but epyrifenacil generally provided strong control in follow-up testing.	whole-plant bioassay; short-read PPX2 cDNA sequencing; same-plant association analysis	Montgomery_2025_WeedTechnology_Epyrifenacil	PAPER_017	10.1017/wet.2025.40		Abstract; Table 1; Table 2; Figure 2; Table S2	verified	This is an epyrifenacil-efficacy association row, not proof of broad cross-resistance to all PPO inhibitors.
MUT_EVID_014	Amaranthus palmeri	PPX2			R128G	R	G	128	substitution	PPO-inhibiting herbicide (WSSA/HRAC Group 14)	epyrifenacil	R128G was detected in Palmer amaranth, but the paper reported no significant effect on epyrifenacil efficacy in the association analysis.	whole-plant bioassay; short-read PPX2 cDNA sequencing; same-plant association analysis	Montgomery_2025_WeedTechnology_Epyrifenacil	PAPER_017	10.1017/wet.2025.40		Table 1; Figure 2; Table S2	verified	Include as verified detection/negative epyrifenacil-effect evidence; do not interpret as epyrifenacil cross-resistance.
MUT_EVID_015	Amaranthus tuberculatus	PPX2			R128G	R	G	128	substitution	PPO-inhibiting herbicide (WSSA/HRAC Group 14)	epyrifenacil	R128G was detected in waterhemp, but the paper reported no significant effect on epyrifenacil efficacy in the association analysis.	whole-plant bioassay; short-read PPX2 cDNA sequencing; same-plant association analysis	Montgomery_2025_WeedTechnology_Epyrifenacil	PAPER_017	10.1017/wet.2025.40		Table 1; Figure 2; Table S2	verified	Include as verified detection/negative epyrifenacil-effect evidence; do not interpret as epyrifenacil cross-resistance.
MUT_EVID_016	Amaranthus palmeri	PPX2			V361A	V	A	361	substitution	PPO-inhibiting herbicide (WSSA/HRAC Group 14)	epyrifenacil	V361A was detected in Palmer amaranth, but the paper reported no significant effect on epyrifenacil efficacy in the association analysis.	whole-plant bioassay; short-read PPX2 cDNA sequencing; same-plant association analysis	Montgomery_2025_WeedTechnology_Epyrifenacil	PAPER_017	10.1017/wet.2025.40		Table 1; Figure 2; Table S2	verified	Include as verified detection/negative epyrifenacil-effect evidence; do not interpret as epyrifenacil cross-resistance.
MUT_EVID_017	Amaranthus palmeri	PPX2			G399A	G	A	399	substitution	PPO-inhibiting herbicide (WSSA/HRAC Group 14)	epyrifenacil	G399A was detected in Palmer amaranth and was significantly associated with reduced injury in the epyrifenacil association analysis, but with smaller effect than Delta G210.	whole-plant bioassay; short-read PPX2 cDNA sequencing; same-plant association analysis	Montgomery_2025_WeedTechnology_Epyrifenacil	PAPER_017	10.1017/wet.2025.40		Table 1; Figure 2; Table S2; Table 3	verified	Epyrifenacil-specific association row; not a broad cross-resistance claim.
MUT_EVID_018	Amaranthus tuberculatus	PPX2			R128G	R	G	128	substitution	PPO-inhibiting herbicide (WSSA/HRAC Group 14)	fomesafen	R128G was novel to waterhemp in this survey and conferred fomesafen resistance in a bacterial system.	MiSeq amplicon sequencing; Sanger confirmation; bacterial functional complementation assay; sequence alignment	Nie_2019_PestManagementScience_R128Waterhemp	PAPER_020	10.1002/ps.5445		Abstract; Table 2; Table 3; Figure 2	verified	Positive target-site resistance evidence for waterhemp R128G; paper also discusses gene flow with other Amaranthus species.
MUT_EVID_019	Amaranthus tuberculatus	PPX2			R128I	R	I	128	substitution	PPO-inhibiting herbicide (WSSA/HRAC Group 14)	fomesafen	R128I was novel to waterhemp in this survey and conferred fomesafen resistance in a bacterial system.	MiSeq amplicon sequencing; Sanger confirmation; bacterial functional complementation assay; sequence alignment	Nie_2019_PestManagementScience_R128Waterhemp	PAPER_020	10.1002/ps.5445		Abstract; Table 2; Table 3; Figure 2	verified	Positive target-site resistance evidence for waterhemp R128I; paper also discusses gene flow with other Amaranthus species.
MUT_EVID_020	Amaranthus tuberculatus	PPX2			R128K	R	K	128	substitution	PPO-inhibiting herbicide (WSSA/HRAC Group 14)	fomesafen	R128K was detected in waterhemp but did not confer fomesafen resistance in the bacterial system in this paper.	MiSeq amplicon sequencing; Sanger confirmation; bacterial functional complementation assay	Nie_2019_PestManagementScience_R128Waterhemp	PAPER_020	10.1002/ps.5445		Abstract; Table 2; Table 3; Figure 2	rejected	Keep out of positive resistance-mutation lists unless new evidence is added; included here as a verified negative outcome.
MUT_EVID_021	Amaranthus palmeri	PPO2/PPX2			Delta G210	G		210	deletion	PPO-inhibiting herbicide (WSSA/HRAC Group 14)	fomesafen; carfentrazone; flumioxazin; saflufenacil; trifludimoxazin	Accessions with high Delta G210 frequency and Delta G210 homozygous survivors had higher fomesafen resistance and cross-resistance potential to other PPO herbicides; saflufenacil and trifludimoxazin generally controlled populations.	greenhouse dose-response; cross-resistance assay; TaqMan genotyping of survivors	CarvalhoMoore_2021_Agriculture_CrossResistance	PAPER_024	10.3390/agriculture11080760		Abstract; Table 1; Table 3; Table 4; Table 5	verified	Study focused on Delta G210 and G399A mutation patterns; do not promote R128 rows from this paper alone because R128 is background/context here.
MUT_EVID_022	Amaranthus palmeri	PPO2/PPX2			G399A	G	A	399	substitution	PPO-inhibiting herbicide (WSSA/HRAC Group 14)	fomesafen; carfentrazone; flumioxazin; saflufenacil; trifludimoxazin	G399A occurred in selected PPO-resistant accessions and, especially with Delta G210 in some individuals/populations, was associated with cross-resistance potential to other PPO herbicides.	greenhouse dose-response; cross-resistance assay; TaqMan genotyping of survivors	CarvalhoMoore_2021_Agriculture_CrossResistance	PAPER_024	10.3390/agriculture11080760		Abstract; Table 1; Table 3; Table 4; Table 5	verified	Evidence is population/accession-level and often involves coexistence with Delta G210; avoid interpreting this row as isolated single-mutation causality.
MUT_EVID_023	Amaranthus palmeri	PPX2/PPO2			R98G	R	G	98	substitution	PPO-inhibiting herbicide (WSSA/HRAC Group 14)	fomesafen	R98G was found in PPX2 cDNA from resistant Palmer amaranth plants; no fomesafen-sensitive plants contained the mutation; paper concluded the new PPX2 mutations likely confer PPO-inhibitor resistance.	PPX2 cDNA sequencing; fomesafen selection; comparison with sensitive plants; dCAPS assay development	Giacomini_2017_PestManagementScience_R98Palmer	PAPER_035	10.1002/ps.4581		Abstract; Figure 1; Figure 2; Table 1	verified	Original paper reports R98G. Later literature may refer to homologous Amaranthus PPX2 residue numbering differently; do not merge with R128G until residue mapping is documented.
MUT_EVID_024	Amaranthus palmeri	PPX2/PPO2			R98M	R	M	98	substitution	PPO-inhibiting herbicide (WSSA/HRAC Group 14)	fomesafen	R98M was found in PPX2 cDNA from resistant Palmer amaranth plants; no fomesafen-sensitive plants contained the mutation; paper concluded the new PPX2 mutations likely confer PPO-inhibitor resistance.	PPX2 cDNA sequencing; fomesafen selection; comparison with sensitive plants; dCAPS assay development	Giacomini_2017_PestManagementScience_R98Palmer	PAPER_035	10.1002/ps.4581		Abstract; Figure 1; Figure 2; Table 1	verified	Original paper reports R98M. Later literature may refer to homologous Amaranthus PPX2 residue numbering differently; do not merge with R128M until residue mapping is documented.
MUT_EVID_025	Amaranthus retroflexus	PPX2			R128G	R	G	128	substitution	PPO-inhibiting herbicide (WSSA/HRAC Group 14)	fomesafen	Resistant genotype R2 harbored Arg-128-Gly in PPX2 and showed >20-fold fomesafen resistance; paper also found metabolic resistance components.	whole-plant bioassay; PPO enzyme activity assay; PPX2 sequencing; metabolism assay; transcriptome/RT-qPCR; heterologous expression for metabolic gene	Sun_2026_PesticideBiochemistryPhysiology_Retroflexus	PAPER_030	10.1016/j.pestbp.2026.107085		Abstract; Results; PPX2 sequence analysis section	verified	Other Amaranthus species, not the main Palmer/waterhemp focus; resistance is broad and includes metabolic mechanisms, so do not treat R128G as the only causal mechanism in this genotype.
