candidate_id	paper_id	mutation	species	gene_or_isoform	herbicides_reported_in_paper	evidence_methods	experimental_confirmation	current_status	review_decision	review_notes	promote_to_final_table
MUT_CAND_001	PAPER_003	V361A	Amaranthus palmeri	PPX2	fomesafen; lactofen	genotyping; candidate mutation screening; transformed bacterial strain assay; resistance ratio reported for fomesafen	yes	needs_manual_check	needs_more_review		no
MUT_CAND_002	PAPER_003	Delta G210	Amaranthus palmeri	PPX2	fomesafen; lactofen	genotyping; candidate mutation screening; transformed bacterial strain assay; resistance ratio reported for fomesafen	yes	needs_manual_check	needs_more_review		no
MUT_CAND_003	PAPER_003	R128G	Amaranthus palmeri	PPX2	fomesafen; lactofen	genotyping; candidate mutation screening; transformed bacterial strain assay; resistance ratio reported for fomesafen	yes	needs_manual_check	needs_more_review		no
MUT_CAND_004	PAPER_003	R128M	Amaranthus palmeri	PPX2	fomesafen; lactofen	genotyping; candidate mutation screening; transformed bacterial strain assay; resistance ratio reported for fomesafen	yes	needs_manual_check	needs_more_review		no
MUT_CAND_005	PAPER_003	G399A	Amaranthus palmeri	PPX2	fomesafen; lactofen	genotyping; candidate mutation screening; transformed bacterial strain assay; resistance ratio reported for fomesafen	yes	needs_manual_check	needs_more_review		no
MUT_CAND_006	PAPER_006	Delta G210	Amaranthus palmeri	PPX2	fomesafen	fomesafen screen; TaqMan qPCR genotyping; field survey; greenhouse context	yes	needs_manual_check	needs_more_review		no
MUT_CAND_007	PAPER_006	R128G	Amaranthus palmeri	PPX2	fomesafen	fomesafen screen; TaqMan qPCR genotyping; field survey; greenhouse context	yes	needs_manual_check	needs_more_review		no
MUT_CAND_008	PAPER_006	R128M	Amaranthus palmeri	PPX2	fomesafen	fomesafen screen; TaqMan qPCR genotyping; field survey; greenhouse context	yes	needs_manual_check	needs_more_review		no
MUT_CAND_009	PAPER_008	Delta G210	Amaranthus tuberculatus; Amaranthus palmeri	PPO2; PPX2	trifludimoxazin; fomesafen; saflufenacil; lactofen; flumioxazin	greenhouse dose-response; field experiments; resistant/susceptible ratio comparisons	yes	needs_manual_check	needs_more_review		no
MUT_CAND_010	PAPER_008	R128G	Amaranthus tuberculatus; Amaranthus palmeri	PPO2; PPX2	trifludimoxazin; fomesafen; saflufenacil; lactofen; flumioxazin	greenhouse dose-response; field experiments; resistant/susceptible ratio comparisons	yes	needs_manual_check	needs_more_review		no
MUT_CAND_011	PAPER_008	R128M	Amaranthus tuberculatus; Amaranthus palmeri	PPO2; PPX2	trifludimoxazin; fomesafen; saflufenacil; lactofen; flumioxazin	greenhouse dose-response; field experiments; resistant/susceptible ratio comparisons	yes	needs_manual_check	needs_more_review		no
MUT_CAND_012	PAPER_008	R128I	Amaranthus tuberculatus; Amaranthus palmeri	PPO2; PPX2	trifludimoxazin; fomesafen; saflufenacil; lactofen; flumioxazin	greenhouse dose-response; field experiments; resistant/susceptible ratio comparisons	yes	needs_manual_check	needs_more_review		no
MUT_CAND_013	PAPER_008	V361A	Amaranthus tuberculatus; Amaranthus palmeri	PPO2; PPX2	trifludimoxazin; fomesafen; saflufenacil; lactofen; flumioxazin	greenhouse dose-response; field experiments; resistant/susceptible ratio comparisons	yes	needs_manual_check	needs_more_review		no
MUT_CAND_014	PAPER_008	G399A	Amaranthus tuberculatus; Amaranthus palmeri	PPO2; PPX2	trifludimoxazin; fomesafen; saflufenacil; lactofen; flumioxazin	greenhouse dose-response; field experiments; resistant/susceptible ratio comparisons	yes	needs_manual_check	needs_more_review		no
MUT_CAND_015	PAPER_016	Delta G210	Amaranthus palmeri	PPX2	fomesafen	fomesafen selection; TaqMan qPCR; dCAPS genotyping; survey	yes	needs_manual_check	needs_more_review		no
MUT_CAND_016	PAPER_016	R128G	Amaranthus palmeri	PPX2	fomesafen	fomesafen selection; TaqMan qPCR; dCAPS genotyping; survey	yes	needs_manual_check	needs_more_review		no
MUT_CAND_017	PAPER_016	R128M	Amaranthus palmeri	PPX2	fomesafen	fomesafen selection; TaqMan qPCR; dCAPS genotyping; survey	yes	needs_manual_check	needs_more_review		no
MUT_CAND_018	PAPER_017	Delta G210	Amaranthus palmeri; Amaranthus tuberculatus	PPX2	epyrifenacil; saflufenacil; saflufenacil plus trifludimoxazin	whole-plant assay; PPX2 sequencing; PCR-amplified cDNA; same-plant association study	yes	needs_manual_check	needs_more_review		no
MUT_CAND_019	PAPER_017	R128G	Amaranthus palmeri; Amaranthus tuberculatus	PPX2	epyrifenacil; saflufenacil; saflufenacil plus trifludimoxazin	whole-plant assay; PPX2 sequencing; PCR-amplified cDNA; same-plant association study	yes	needs_manual_check	needs_more_review		no
MUT_CAND_020	PAPER_017	V361A	Amaranthus palmeri; Amaranthus tuberculatus	PPX2	epyrifenacil; saflufenacil; saflufenacil plus trifludimoxazin	whole-plant assay; PPX2 sequencing; PCR-amplified cDNA; same-plant association study	yes	needs_manual_check	needs_more_review		no
MUT_CAND_021	PAPER_017	G399A	Amaranthus palmeri; Amaranthus tuberculatus	PPX2	epyrifenacil; saflufenacil; saflufenacil plus trifludimoxazin	whole-plant assay; PPX2 sequencing; PCR-amplified cDNA; same-plant association study	yes	needs_manual_check	needs_more_review		no
MUT_CAND_022	PAPER_020	Delta G210	Amaranthus tuberculatus; Amaranthus palmeri; Amaranthus albus	PPX2	fomesafen	MiSeq amplicon sequencing; Sanger sequencing; bacterial expression assay; sequence alignment	yes	needs_manual_check	needs_more_review		no
MUT_CAND_023	PAPER_020	R128G	Amaranthus tuberculatus; Amaranthus palmeri; Amaranthus albus	PPX2	fomesafen	MiSeq amplicon sequencing; Sanger sequencing; bacterial expression assay; sequence alignment	yes	needs_manual_check	needs_more_review		no
MUT_CAND_024	PAPER_020	R128I	Amaranthus tuberculatus; Amaranthus palmeri; Amaranthus albus	PPX2	fomesafen	MiSeq amplicon sequencing; Sanger sequencing; bacterial expression assay; sequence alignment	yes	needs_manual_check	needs_more_review		no
MUT_CAND_025	PAPER_020	R128K	Amaranthus tuberculatus; Amaranthus palmeri; Amaranthus albus	PPX2	fomesafen	MiSeq amplicon sequencing; Sanger sequencing; bacterial expression assay; sequence alignment	yes	needs_manual_check	needs_more_review		no
MUT_CAND_026	PAPER_020	R128M	Amaranthus tuberculatus; Amaranthus palmeri; Amaranthus albus	PPX2	fomesafen	MiSeq amplicon sequencing; Sanger sequencing; bacterial expression assay; sequence alignment	yes	needs_manual_check	needs_more_review		no
MUT_CAND_027	PAPER_024	Delta G210	Amaranthus palmeri	PPO2; PPX2	fomesafen; carfentrazone; flumioxazin; saflufenacil; trifludimoxazin	greenhouse dose-response; cross-resistance assay; genotyping; TaqMan qPCR	yes	needs_manual_check	needs_more_review		no
MUT_CAND_028	PAPER_024	G399A	Amaranthus palmeri	PPO2; PPX2	fomesafen; carfentrazone; flumioxazin; saflufenacil; trifludimoxazin	greenhouse dose-response; cross-resistance assay; genotyping; TaqMan qPCR	yes	needs_manual_check	needs_more_review		no
MUT_CAND_029	PAPER_024	R128G	Amaranthus palmeri	PPO2; PPX2	fomesafen; carfentrazone; flumioxazin; saflufenacil; trifludimoxazin	greenhouse dose-response; cross-resistance assay; genotyping; TaqMan qPCR	yes	needs_manual_check	needs_more_review		no
MUT_CAND_030	PAPER_024	R128M	Amaranthus palmeri	PPO2; PPX2	fomesafen; carfentrazone; flumioxazin; saflufenacil; trifludimoxazin	greenhouse dose-response; cross-resistance assay; genotyping; TaqMan qPCR	yes	needs_manual_check	needs_more_review		no
MUT_CAND_031	PAPER_030	R128G	Amaranthus retroflexus	PPX2; PPO2; PPX1/PPO1 discussed	fomesafen	whole-plant bioassay; PPO enzyme activity assay; PPX2 sequencing; metabolism assay; transcriptome/RT-qPCR; heterologous expression	yes	needs_manual_check	needs_more_review		no
MUT_CAND_032	PAPER_035	R98G	Amaranthus palmeri	PPX2; PPO2	fomesafen	PPX2 cDNA sequencing; fomesafen selection; dCAPS assay development	yes	needs_manual_check	needs_more_review		no
MUT_CAND_033	PAPER_035	R98M	Amaranthus palmeri	PPX2; PPO2	fomesafen	PPX2 cDNA sequencing; fomesafen selection; dCAPS assay development	yes	needs_manual_check	needs_more_review		no
MUT_CAND_034	PAPER_035	Delta G210	Amaranthus palmeri	PPX2; PPO2	fomesafen	PPX2 cDNA sequencing; fomesafen selection; dCAPS assay development	yes	needs_manual_check	needs_more_review		no
