candidate_id	paper_id	citation_key	paper_title	species	weed_common_name	gene_or_isoform	mutation	wildtype_residue	mutant_residue	residue_position	mutation_type	herbicides_reported_in_paper	evidence_methods	experimental_confirmation	figure_or_table_reference	page_note	confidence_level	verification_status	manual_review_needed	notes
MUT_CAND_001	PAPER_003	Nie_2023_V361A	A New V361A Mutation in Amaranthus palmeri PPX2 Associated with PPO-Inhibiting Herbicide Resistance	Amaranthus palmeri	Palmer amaranth	PPX2	V361A	V	A	361	substitution	fomesafen; lactofen	genotyping; candidate mutation screening; transformed bacterial strain assay; resistance ratio reported for fomesafen	yes	needs_manual_check	PDF page 1 abstract; PPX2 and bacterial assay terms also visible in later methods/results pages.	high	needs_manual_check	yes	Candidate parsed from paper-level term 'V361A'; mutation-specific species, gene/isoform, phenotype, and citation details require manual review before promotion.
MUT_CAND_002	PAPER_003	Nie_2023_V361A	A New V361A Mutation in Amaranthus palmeri PPX2 Associated with PPO-Inhibiting Herbicide Resistance	Amaranthus palmeri	Palmer amaranth	PPX2	Delta G210	G		210	deletion	fomesafen; lactofen	genotyping; candidate mutation screening; transformed bacterial strain assay; resistance ratio reported for fomesafen	yes	needs_manual_check	PDF page 1 abstract; PPX2 and bacterial assay terms also visible in later methods/results pages.	high	needs_manual_check	yes	Candidate parsed from paper-level term 'Delta G210'; mutation-specific species, gene/isoform, phenotype, and citation details require manual review before promotion.
MUT_CAND_003	PAPER_003	Nie_2023_V361A	A New V361A Mutation in Amaranthus palmeri PPX2 Associated with PPO-Inhibiting Herbicide Resistance	Amaranthus palmeri	Palmer amaranth	PPX2	R128G	R	G	128	substitution	fomesafen; lactofen	genotyping; candidate mutation screening; transformed bacterial strain assay; resistance ratio reported for fomesafen	yes	needs_manual_check	PDF page 1 abstract; PPX2 and bacterial assay terms also visible in later methods/results pages.	high	needs_manual_check	yes	Candidate parsed from paper-level term 'R128G/M'; mutation-specific species, gene/isoform, phenotype, and citation details require manual review before promotion.
MUT_CAND_004	PAPER_003	Nie_2023_V361A	A New V361A Mutation in Amaranthus palmeri PPX2 Associated with PPO-Inhibiting Herbicide Resistance	Amaranthus palmeri	Palmer amaranth	PPX2	R128M	R	M	128	substitution	fomesafen; lactofen	genotyping; candidate mutation screening; transformed bacterial strain assay; resistance ratio reported for fomesafen	yes	needs_manual_check	PDF page 1 abstract; PPX2 and bacterial assay terms also visible in later methods/results pages.	high	needs_manual_check	yes	Candidate parsed from paper-level term 'R128G/M'; mutation-specific species, gene/isoform, phenotype, and citation details require manual review before promotion.
MUT_CAND_005	PAPER_003	Nie_2023_V361A	A New V361A Mutation in Amaranthus palmeri PPX2 Associated with PPO-Inhibiting Herbicide Resistance	Amaranthus palmeri	Palmer amaranth	PPX2	G399A	G	A	399	substitution	fomesafen; lactofen	genotyping; candidate mutation screening; transformed bacterial strain assay; resistance ratio reported for fomesafen	yes	needs_manual_check	PDF page 1 abstract; PPX2 and bacterial assay terms also visible in later methods/results pages.	high	needs_manual_check	yes	Candidate parsed from paper-level term 'G399A'; mutation-specific species, gene/isoform, phenotype, and citation details require manual review before promotion.
MUT_CAND_006	PAPER_006	Varanasi_2018	A Statewide Survey of PPO-Inhibitor Resistance and the Prevalent Target-Site Mechanisms in Palmer amaranth (Amaranthus palmeri) Accessions from Arkansas	Amaranthus palmeri	Palmer amaranth	PPX2	Delta G210	G		210	deletion	fomesafen	fomesafen screen; TaqMan qPCR genotyping; field survey; greenhouse context	yes	Figure 1; Table 1	PDF page 1 abstract; PDF page 3 Results and Discussion references Figure 1 and Table 1.	high	needs_manual_check	yes	Candidate parsed from paper-level term 'Delta G210'; mutation-specific species, gene/isoform, phenotype, and citation details require manual review before promotion.
MUT_CAND_007	PAPER_006	Varanasi_2018	A Statewide Survey of PPO-Inhibitor Resistance and the Prevalent Target-Site Mechanisms in Palmer amaranth (Amaranthus palmeri) Accessions from Arkansas	Amaranthus palmeri	Palmer amaranth	PPX2	R128G	R	G	128	substitution	fomesafen	fomesafen screen; TaqMan qPCR genotyping; field survey; greenhouse context	yes	Figure 1; Table 1	PDF page 1 abstract; PDF page 3 Results and Discussion references Figure 1 and Table 1.	high	needs_manual_check	yes	Candidate parsed from paper-level term 'R128G'; mutation-specific species, gene/isoform, phenotype, and citation details require manual review before promotion.
MUT_CAND_008	PAPER_006	Varanasi_2018	A Statewide Survey of PPO-Inhibitor Resistance and the Prevalent Target-Site Mechanisms in Palmer amaranth (Amaranthus palmeri) Accessions from Arkansas	Amaranthus palmeri	Palmer amaranth	PPX2	R128M	R	M	128	substitution	fomesafen	fomesafen screen; TaqMan qPCR genotyping; field survey; greenhouse context	yes	Figure 1; Table 1	PDF page 1 abstract; PDF page 3 Results and Discussion references Figure 1 and Table 1.	high	needs_manual_check	yes	Candidate parsed from paper-level term 'R128M'; mutation-specific species, gene/isoform, phenotype, and citation details require manual review before promotion.
MUT_CAND_009	PAPER_008	Steppig_2025	Common target-site resistance mutations for PPO-inhibiting herbicides in waterhemp (Amaranthus tuberculatus) and Palmer amaranth (Amaranthus palmeri) do not confer cross-resistance to trifludimoxazin	Amaranthus tuberculatus; Amaranthus palmeri	waterhemp; Palmer amaranth	PPO2; PPX2	Delta G210	G		210	deletion	trifludimoxazin; fomesafen; saflufenacil; lactofen; flumioxazin	greenhouse dose-response; field experiments; resistant/susceptible ratio comparisons	yes	Figure 1; Table 1	PDF page 1 abstract; PDF page 3 references Figure 1 and Table 1.	high	needs_manual_check	yes	Candidate parsed from paper-level term 'Delta G210'; mutation-specific species, gene/isoform, phenotype, and citation details require manual review before promotion.
MUT_CAND_010	PAPER_008	Steppig_2025	Common target-site resistance mutations for PPO-inhibiting herbicides in waterhemp (Amaranthus tuberculatus) and Palmer amaranth (Amaranthus palmeri) do not confer cross-resistance to trifludimoxazin	Amaranthus tuberculatus; Amaranthus palmeri	waterhemp; Palmer amaranth	PPO2; PPX2	R128G	R	G	128	substitution	trifludimoxazin; fomesafen; saflufenacil; lactofen; flumioxazin	greenhouse dose-response; field experiments; resistant/susceptible ratio comparisons	yes	Figure 1; Table 1	PDF page 1 abstract; PDF page 3 references Figure 1 and Table 1.	high	needs_manual_check	yes	Candidate parsed from paper-level term 'R128G'; mutation-specific species, gene/isoform, phenotype, and citation details require manual review before promotion.
MUT_CAND_011	PAPER_008	Steppig_2025	Common target-site resistance mutations for PPO-inhibiting herbicides in waterhemp (Amaranthus tuberculatus) and Palmer amaranth (Amaranthus palmeri) do not confer cross-resistance to trifludimoxazin	Amaranthus tuberculatus; Amaranthus palmeri	waterhemp; Palmer amaranth	PPO2; PPX2	R128M	R	M	128	substitution	trifludimoxazin; fomesafen; saflufenacil; lactofen; flumioxazin	greenhouse dose-response; field experiments; resistant/susceptible ratio comparisons	yes	Figure 1; Table 1	PDF page 1 abstract; PDF page 3 references Figure 1 and Table 1.	high	needs_manual_check	yes	Candidate parsed from paper-level term 'R128M'; mutation-specific species, gene/isoform, phenotype, and citation details require manual review before promotion.
MUT_CAND_012	PAPER_008	Steppig_2025	Common target-site resistance mutations for PPO-inhibiting herbicides in waterhemp (Amaranthus tuberculatus) and Palmer amaranth (Amaranthus palmeri) do not confer cross-resistance to trifludimoxazin	Amaranthus tuberculatus; Amaranthus palmeri	waterhemp; Palmer amaranth	PPO2; PPX2	R128I	R	I	128	substitution	trifludimoxazin; fomesafen; saflufenacil; lactofen; flumioxazin	greenhouse dose-response; field experiments; resistant/susceptible ratio comparisons	yes	Figure 1; Table 1	PDF page 1 abstract; PDF page 3 references Figure 1 and Table 1.	high	needs_manual_check	yes	Candidate parsed from paper-level term 'R128I'; mutation-specific species, gene/isoform, phenotype, and citation details require manual review before promotion.
MUT_CAND_013	PAPER_008	Steppig_2025	Common target-site resistance mutations for PPO-inhibiting herbicides in waterhemp (Amaranthus tuberculatus) and Palmer amaranth (Amaranthus palmeri) do not confer cross-resistance to trifludimoxazin	Amaranthus tuberculatus; Amaranthus palmeri	waterhemp; Palmer amaranth	PPO2; PPX2	V361A	V	A	361	substitution	trifludimoxazin; fomesafen; saflufenacil; lactofen; flumioxazin	greenhouse dose-response; field experiments; resistant/susceptible ratio comparisons	yes	Figure 1; Table 1	PDF page 1 abstract; PDF page 3 references Figure 1 and Table 1.	high	needs_manual_check	yes	Candidate parsed from paper-level term 'V361A'; mutation-specific species, gene/isoform, phenotype, and citation details require manual review before promotion.
MUT_CAND_014	PAPER_008	Steppig_2025	Common target-site resistance mutations for PPO-inhibiting herbicides in waterhemp (Amaranthus tuberculatus) and Palmer amaranth (Amaranthus palmeri) do not confer cross-resistance to trifludimoxazin	Amaranthus tuberculatus; Amaranthus palmeri	waterhemp; Palmer amaranth	PPO2; PPX2	G399A	G	A	399	substitution	trifludimoxazin; fomesafen; saflufenacil; lactofen; flumioxazin	greenhouse dose-response; field experiments; resistant/susceptible ratio comparisons	yes	Figure 1; Table 1	PDF page 1 abstract; PDF page 3 references Figure 1 and Table 1.	high	needs_manual_check	yes	Candidate parsed from paper-level term 'G399A'; mutation-specific species, gene/isoform, phenotype, and citation details require manual review before promotion.
MUT_CAND_015	PAPER_016	Copeland_2018	Distribution of PPX2 Mutations Conferring PPO-Inhibitor Resistance in Palmer Amaranth Populations of Tennessee	Amaranthus palmeri	Palmer amaranth	PPX2	Delta G210	G		210	deletion	fomesafen	fomesafen selection; TaqMan qPCR; dCAPS genotyping; survey	yes	Figure 1; Table 1	PDF page 1 abstract; PDF page 3 Results and Discussion references Figure 1 and Table 1.	high	needs_manual_check	yes	Candidate parsed from paper-level term 'Delta G210'; mutation-specific species, gene/isoform, phenotype, and citation details require manual review before promotion.
MUT_CAND_016	PAPER_016	Copeland_2018	Distribution of PPX2 Mutations Conferring PPO-Inhibitor Resistance in Palmer Amaranth Populations of Tennessee	Amaranthus palmeri	Palmer amaranth	PPX2	R128G	R	G	128	substitution	fomesafen	fomesafen selection; TaqMan qPCR; dCAPS genotyping; survey	yes	Figure 1; Table 1	PDF page 1 abstract; PDF page 3 Results and Discussion references Figure 1 and Table 1.	high	needs_manual_check	yes	Candidate parsed from paper-level term 'R128G'; mutation-specific species, gene/isoform, phenotype, and citation details require manual review before promotion.
MUT_CAND_017	PAPER_016	Copeland_2018	Distribution of PPX2 Mutations Conferring PPO-Inhibitor Resistance in Palmer Amaranth Populations of Tennessee	Amaranthus palmeri	Palmer amaranth	PPX2	R128M	R	M	128	substitution	fomesafen	fomesafen selection; TaqMan qPCR; dCAPS genotyping; survey	yes	Figure 1; Table 1	PDF page 1 abstract; PDF page 3 Results and Discussion references Figure 1 and Table 1.	high	needs_manual_check	yes	Candidate parsed from paper-level term 'R128M'; mutation-specific species, gene/isoform, phenotype, and citation details require manual review before promotion.
MUT_CAND_018	PAPER_017	Montgomery_2025	Distribution of target site PPO-inhibiting herbicide resistance mutations in waterhemp and Palmer amaranth and association of epyrifenacil efficacy with PPX2 target site variants	Amaranthus palmeri; Amaranthus tuberculatus	Palmer amaranth; common waterhemp	PPX2	Delta G210	G		210	deletion	epyrifenacil; saflufenacil; saflufenacil plus trifludimoxazin	whole-plant assay; PPX2 sequencing; PCR-amplified cDNA; same-plant association study	yes	Figure 1; Table 1	PDF page 1 abstract; PDF pages 3-4 reference Figure 1 and Table 1.	high	needs_manual_check	yes	Candidate parsed from paper-level term 'Delta G210'; mutation-specific species, gene/isoform, phenotype, and citation details require manual review before promotion.
MUT_CAND_019	PAPER_017	Montgomery_2025	Distribution of target site PPO-inhibiting herbicide resistance mutations in waterhemp and Palmer amaranth and association of epyrifenacil efficacy with PPX2 target site variants	Amaranthus palmeri; Amaranthus tuberculatus	Palmer amaranth; common waterhemp	PPX2	R128G	R	G	128	substitution	epyrifenacil; saflufenacil; saflufenacil plus trifludimoxazin	whole-plant assay; PPX2 sequencing; PCR-amplified cDNA; same-plant association study	yes	Figure 1; Table 1	PDF page 1 abstract; PDF pages 3-4 reference Figure 1 and Table 1.	high	needs_manual_check	yes	Candidate parsed from paper-level term 'R128G'; mutation-specific species, gene/isoform, phenotype, and citation details require manual review before promotion.
MUT_CAND_020	PAPER_017	Montgomery_2025	Distribution of target site PPO-inhibiting herbicide resistance mutations in waterhemp and Palmer amaranth and association of epyrifenacil efficacy with PPX2 target site variants	Amaranthus palmeri; Amaranthus tuberculatus	Palmer amaranth; common waterhemp	PPX2	V361A	V	A	361	substitution	epyrifenacil; saflufenacil; saflufenacil plus trifludimoxazin	whole-plant assay; PPX2 sequencing; PCR-amplified cDNA; same-plant association study	yes	Figure 1; Table 1	PDF page 1 abstract; PDF pages 3-4 reference Figure 1 and Table 1.	high	needs_manual_check	yes	Candidate parsed from paper-level term 'V361A'; mutation-specific species, gene/isoform, phenotype, and citation details require manual review before promotion.
MUT_CAND_021	PAPER_017	Montgomery_2025	Distribution of target site PPO-inhibiting herbicide resistance mutations in waterhemp and Palmer amaranth and association of epyrifenacil efficacy with PPX2 target site variants	Amaranthus palmeri; Amaranthus tuberculatus	Palmer amaranth; common waterhemp	PPX2	G399A	G	A	399	substitution	epyrifenacil; saflufenacil; saflufenacil plus trifludimoxazin	whole-plant assay; PPX2 sequencing; PCR-amplified cDNA; same-plant association study	yes	Figure 1; Table 1	PDF page 1 abstract; PDF pages 3-4 reference Figure 1 and Table 1.	high	needs_manual_check	yes	Candidate parsed from paper-level term 'G399A'; mutation-specific species, gene/isoform, phenotype, and citation details require manual review before promotion.
MUT_CAND_022	PAPER_020	Nie_2019_Waterhemp	Investigating target-site resistance mechanism to the PPO-inhibiting herbicide fomesafen in waterhemp and interspecific hybridization of Amaranthus species using next generation sequencing	Amaranthus tuberculatus; Amaranthus palmeri; Amaranthus albus	waterhemp; Palmer amaranth; tumble pigweed	PPX2	Delta G210	G		210	deletion	fomesafen	MiSeq amplicon sequencing; Sanger sequencing; bacterial expression assay; sequence alignment	yes	needs_manual_check	PDF page 1 abstract and conclusion; methods/results sections discuss MiSeq, Sanger sequencing, and bacterial assays.	high	needs_manual_check	yes	Candidate parsed from paper-level term 'Delta G210'; mutation-specific species, gene/isoform, phenotype, and citation details require manual review before promotion.
MUT_CAND_023	PAPER_020	Nie_2019_Waterhemp	Investigating target-site resistance mechanism to the PPO-inhibiting herbicide fomesafen in waterhemp and interspecific hybridization of Amaranthus species using next generation sequencing	Amaranthus tuberculatus; Amaranthus palmeri; Amaranthus albus	waterhemp; Palmer amaranth; tumble pigweed	PPX2	R128G	R	G	128	substitution	fomesafen	MiSeq amplicon sequencing; Sanger sequencing; bacterial expression assay; sequence alignment	yes	needs_manual_check	PDF page 1 abstract and conclusion; methods/results sections discuss MiSeq, Sanger sequencing, and bacterial assays.	high	needs_manual_check	yes	Candidate parsed from paper-level term 'R128G'; mutation-specific species, gene/isoform, phenotype, and citation details require manual review before promotion.
MUT_CAND_024	PAPER_020	Nie_2019_Waterhemp	Investigating target-site resistance mechanism to the PPO-inhibiting herbicide fomesafen in waterhemp and interspecific hybridization of Amaranthus species using next generation sequencing	Amaranthus tuberculatus; Amaranthus palmeri; Amaranthus albus	waterhemp; Palmer amaranth; tumble pigweed	PPX2	R128I	R	I	128	substitution	fomesafen	MiSeq amplicon sequencing; Sanger sequencing; bacterial expression assay; sequence alignment	yes	needs_manual_check	PDF page 1 abstract and conclusion; methods/results sections discuss MiSeq, Sanger sequencing, and bacterial assays.	high	needs_manual_check	yes	Candidate parsed from paper-level term 'R128I'; mutation-specific species, gene/isoform, phenotype, and citation details require manual review before promotion.
MUT_CAND_025	PAPER_020	Nie_2019_Waterhemp	Investigating target-site resistance mechanism to the PPO-inhibiting herbicide fomesafen in waterhemp and interspecific hybridization of Amaranthus species using next generation sequencing	Amaranthus tuberculatus; Amaranthus palmeri; Amaranthus albus	waterhemp; Palmer amaranth; tumble pigweed	PPX2	R128K	R	K	128	substitution	fomesafen	MiSeq amplicon sequencing; Sanger sequencing; bacterial expression assay; sequence alignment	yes	needs_manual_check	PDF page 1 abstract and conclusion; methods/results sections discuss MiSeq, Sanger sequencing, and bacterial assays.	high	needs_manual_check	yes	Candidate parsed from paper-level term 'R128K'; mutation-specific species, gene/isoform, phenotype, and citation details require manual review before promotion.
MUT_CAND_026	PAPER_020	Nie_2019_Waterhemp	Investigating target-site resistance mechanism to the PPO-inhibiting herbicide fomesafen in waterhemp and interspecific hybridization of Amaranthus species using next generation sequencing	Amaranthus tuberculatus; Amaranthus palmeri; Amaranthus albus	waterhemp; Palmer amaranth; tumble pigweed	PPX2	R128M	R	M	128	substitution	fomesafen	MiSeq amplicon sequencing; Sanger sequencing; bacterial expression assay; sequence alignment	yes	needs_manual_check	PDF page 1 abstract and conclusion; methods/results sections discuss MiSeq, Sanger sequencing, and bacterial assays.	high	needs_manual_check	yes	Candidate parsed from paper-level term 'R128M'; mutation-specific species, gene/isoform, phenotype, and citation details require manual review before promotion.
MUT_CAND_027	PAPER_024	CarvalhoMoore_2021	PPO2 Mutations in Amaranthus palmeri: Implications on Cross-Resistance	Amaranthus palmeri	Palmer amaranth	PPO2; PPX2	Delta G210	G		210	deletion	fomesafen; carfentrazone; flumioxazin; saflufenacil; trifludimoxazin	greenhouse dose-response; cross-resistance assay; genotyping; TaqMan qPCR	yes	Table 1	PDF page 1 abstract; PDF page 4 references herbicide Table 1; PDF page 11 conclusions.	high	needs_manual_check	yes	Candidate parsed from paper-level term 'Delta G210'; mutation-specific species, gene/isoform, phenotype, and citation details require manual review before promotion.
MUT_CAND_028	PAPER_024	CarvalhoMoore_2021	PPO2 Mutations in Amaranthus palmeri: Implications on Cross-Resistance	Amaranthus palmeri	Palmer amaranth	PPO2; PPX2	G399A	G	A	399	substitution	fomesafen; carfentrazone; flumioxazin; saflufenacil; trifludimoxazin	greenhouse dose-response; cross-resistance assay; genotyping; TaqMan qPCR	yes	Table 1	PDF page 1 abstract; PDF page 4 references herbicide Table 1; PDF page 11 conclusions.	high	needs_manual_check	yes	Candidate parsed from paper-level term 'G399A'; mutation-specific species, gene/isoform, phenotype, and citation details require manual review before promotion.
MUT_CAND_029	PAPER_024	CarvalhoMoore_2021	PPO2 Mutations in Amaranthus palmeri: Implications on Cross-Resistance	Amaranthus palmeri	Palmer amaranth	PPO2; PPX2	R128G	R	G	128	substitution	fomesafen; carfentrazone; flumioxazin; saflufenacil; trifludimoxazin	greenhouse dose-response; cross-resistance assay; genotyping; TaqMan qPCR	yes	Table 1	PDF page 1 abstract; PDF page 4 references herbicide Table 1; PDF page 11 conclusions.	high	needs_manual_check	yes	Candidate parsed from paper-level term 'R128G'; mutation-specific species, gene/isoform, phenotype, and citation details require manual review before promotion.
MUT_CAND_030	PAPER_024	CarvalhoMoore_2021	PPO2 Mutations in Amaranthus palmeri: Implications on Cross-Resistance	Amaranthus palmeri	Palmer amaranth	PPO2; PPX2	R128M	R	M	128	substitution	fomesafen; carfentrazone; flumioxazin; saflufenacil; trifludimoxazin	greenhouse dose-response; cross-resistance assay; genotyping; TaqMan qPCR	yes	Table 1	PDF page 1 abstract; PDF page 4 references herbicide Table 1; PDF page 11 conclusions.	high	needs_manual_check	yes	Candidate parsed from paper-level term 'R128M'; mutation-specific species, gene/isoform, phenotype, and citation details require manual review before promotion.
MUT_CAND_031	PAPER_030	Sun_2026_Aretroflexus	Target-site and metabolic mechanisms confer broad resistance to PPO-inhibiting herbicides in Amaranthus retroflexus	Amaranthus retroflexus	redroot pigweed	PPX2; PPO2; PPX1/PPO1 discussed	R128G	R	G	128	substitution	fomesafen	whole-plant bioassay; PPO enzyme activity assay; PPX2 sequencing; metabolism assay; transcriptome/RT-qPCR; heterologous expression	yes	needs_manual_check	PDF page 1 abstract/results; PDF page 10 conclusions.	high	needs_manual_check	yes	Candidate parsed from paper-level term 'Arg-128-Gly'; mutation-specific species, gene/isoform, phenotype, and citation details require manual review before promotion.
MUT_CAND_032	PAPER_035	Giacomini_2017	Two new PPX2 mutations associated with resistance to PPO-inhibiting herbicides in Amaranthus palmeri	Amaranthus palmeri	Palmer amaranth	PPX2; PPO2	R98G	R	G	98	substitution	fomesafen	PPX2 cDNA sequencing; fomesafen selection; dCAPS assay development	yes	needs_manual_check	PDF page 1 abstract and conclusion.	high	needs_manual_check	yes	Candidate parsed from paper-level term 'R98G'; mutation-specific species, gene/isoform, phenotype, and citation details require manual review before promotion.
MUT_CAND_033	PAPER_035	Giacomini_2017	Two new PPX2 mutations associated with resistance to PPO-inhibiting herbicides in Amaranthus palmeri	Amaranthus palmeri	Palmer amaranth	PPX2; PPO2	R98M	R	M	98	substitution	fomesafen	PPX2 cDNA sequencing; fomesafen selection; dCAPS assay development	yes	needs_manual_check	PDF page 1 abstract and conclusion.	high	needs_manual_check	yes	Candidate parsed from paper-level term 'R98M'; mutation-specific species, gene/isoform, phenotype, and citation details require manual review before promotion.
MUT_CAND_034	PAPER_035	Giacomini_2017	Two new PPX2 mutations associated with resistance to PPO-inhibiting herbicides in Amaranthus palmeri	Amaranthus palmeri	Palmer amaranth	PPX2; PPO2	Delta G210	G		210	deletion	fomesafen	PPX2 cDNA sequencing; fomesafen selection; dCAPS assay development	yes	needs_manual_check	PDF page 1 abstract and conclusion.	high	needs_manual_check	yes	Candidate parsed from paper-level term 'Delta G210'; mutation-specific species, gene/isoform, phenotype, and citation details require manual review before promotion.
