mapping_id	species	gene_or_isoform	mutation	wildtype_residue	residue_position	mutant_residue	reference_sequence_id	reference_accession	alignment_file	numbering_confirmed	mapping_status	notes
RES_MAP_001	Amaranthus palmeri	PPO2/PPX2	Delta G210	G	210		PPO_SEQ_001	ATE88443.1		needs_manual_check	needs_manual_check	Residue numbering must be confirmed against a curated reference sequence/alignment before modeling or docking.
RES_MAP_002	Amaranthus palmeri	PPO2/PPX2	G399A	G	399	A	PPO_SEQ_001	ATE88443.1		needs_manual_check	needs_manual_check	Residue numbering must be confirmed against a curated reference sequence/alignment before modeling or docking.
RES_MAP_003	Amaranthus palmeri	PPO2/PPX2	V361A	V	361	A	PPO_SEQ_001	ATE88443.1		needs_manual_check	needs_manual_check	Residue numbering must be confirmed against a curated reference sequence/alignment before modeling or docking.
RES_MAP_004	Amaranthus palmeri	PPX2	Delta G210	G	210		PPO_SEQ_001	ATE88443.1		needs_manual_check	needs_manual_check	Residue numbering must be confirmed against a curated reference sequence/alignment before modeling or docking.
RES_MAP_005	Amaranthus palmeri	PPX2	G399A	G	399	A	PPO_SEQ_001	ATE88443.1		needs_manual_check	needs_manual_check	Residue numbering must be confirmed against a curated reference sequence/alignment before modeling or docking.
RES_MAP_006	Amaranthus palmeri	PPX2	R128G	R	128	G	PPO_SEQ_001	ATE88443.1		needs_manual_check	needs_manual_check	Residue numbering must be confirmed against a curated reference sequence/alignment before modeling or docking.
RES_MAP_007	Amaranthus palmeri	PPX2	R128M	R	128	M	PPO_SEQ_001	ATE88443.1		needs_manual_check	needs_manual_check	Residue numbering must be confirmed against a curated reference sequence/alignment before modeling or docking.
RES_MAP_008	Amaranthus palmeri	PPX2	V361A	V	361	A	PPO_SEQ_001	ATE88443.1		needs_manual_check	needs_manual_check	Residue numbering must be confirmed against a curated reference sequence/alignment before modeling or docking.
RES_MAP_009	Amaranthus palmeri	PPX2/PPO2	R98G	R	98	G	PPO_SEQ_001	ATE88443.1		needs_manual_check	needs_manual_check	Residue numbering must be confirmed against a curated reference sequence/alignment before modeling or docking.
RES_MAP_010	Amaranthus palmeri	PPX2/PPO2	R98M	R	98	M	PPO_SEQ_001	ATE88443.1		needs_manual_check	needs_manual_check	Residue numbering must be confirmed against a curated reference sequence/alignment before modeling or docking.
RES_MAP_011	Amaranthus retroflexus	PPX2	R128G	R	128	G	PPO_SEQ_004	QDQ68833.1		needs_manual_check	needs_manual_check	Residue numbering must be confirmed against a curated reference sequence/alignment before modeling or docking.
RES_MAP_012	Amaranthus tuberculatus	PPO2/PPX2	Delta G210	G	210		PPO_SEQ_007	ABD52326.1		needs_manual_check	needs_manual_check	Residue numbering must be confirmed against a curated reference sequence/alignment before modeling or docking.
RES_MAP_013	Amaranthus tuberculatus	PPO2/PPX2	R128G	R	128	G	PPO_SEQ_007	ABD52326.1		needs_manual_check	needs_manual_check	Residue numbering must be confirmed against a curated reference sequence/alignment before modeling or docking.
RES_MAP_014	Amaranthus tuberculatus	PPX2	Delta G210	G	210		PPO_SEQ_007	ABD52326.1		needs_manual_check	needs_manual_check	Residue numbering must be confirmed against a curated reference sequence/alignment before modeling or docking.
RES_MAP_015	Amaranthus tuberculatus	PPX2	R128G	R	128	G	PPO_SEQ_007	ABD52326.1		needs_manual_check	needs_manual_check	Residue numbering must be confirmed against a curated reference sequence/alignment before modeling or docking.
RES_MAP_016	Amaranthus tuberculatus	PPX2	R128I	R	128	I	PPO_SEQ_007	ABD52326.1		needs_manual_check	needs_manual_check	Residue numbering must be confirmed against a curated reference sequence/alignment before modeling or docking.
