model_input_id	species	reference_accession	mutation	sequence_type	sequence_length_aa	input_fasta	modeling_status	notes
MODEL_INPUT_001	Amaranthus palmeri	ATE88443.1	WT	wildtype	535	modeling_inputs\colabfold\wildtype\Amaranthus_palmeri_ATE88443.1_WT.fasta	not_started	Wildtype/reference PPO2/PPX2 sequence prepared for ColabFold input.
MODEL_INPUT_002	Amaranthus retroflexus	QDQ68833.1	WT	wildtype	535	modeling_inputs\colabfold\wildtype\Amaranthus_retroflexus_QDQ68833.1_WT.fasta	not_started	Wildtype/reference PPO2/PPX2 sequence prepared for ColabFold input.
MODEL_INPUT_003	Amaranthus tuberculatus	ABD52326.1	WT	wildtype	534	modeling_inputs\colabfold\wildtype\Amaranthus_tuberculatus_ABD52326.1_WT.fasta	not_started	Wildtype/reference PPO2/PPX2 sequence prepared for ColabFold input.
MODEL_INPUT_004	Amaranthus palmeri	ATE88443.1	V361A	mutant	535	modeling_inputs\colabfold\mutants\Amaranthus_palmeri_ATE88443.1_V361A_MUTSEQ_001.fasta	not_started	Confirmed mapping mutant sequence MUTSEQ_001 prepared for ColabFold input.
MODEL_INPUT_005	Amaranthus palmeri	ATE88443.1	Delta G210	mutant	534	modeling_inputs\colabfold\mutants\Amaranthus_palmeri_ATE88443.1_Delta_G210_MUTSEQ_002.fasta	not_started	Confirmed mapping mutant sequence MUTSEQ_002 prepared for ColabFold input.
MODEL_INPUT_006	Amaranthus palmeri	ATE88443.1	R128G	mutant	535	modeling_inputs\colabfold\mutants\Amaranthus_palmeri_ATE88443.1_R128G_MUTSEQ_003.fasta	not_started	Confirmed mapping mutant sequence MUTSEQ_003 prepared for ColabFold input.
MODEL_INPUT_007	Amaranthus palmeri	ATE88443.1	R128M	mutant	535	modeling_inputs\colabfold\mutants\Amaranthus_palmeri_ATE88443.1_R128M_MUTSEQ_004.fasta	not_started	Confirmed mapping mutant sequence MUTSEQ_004 prepared for ColabFold input.
MODEL_INPUT_008	Amaranthus palmeri	ATE88443.1	Delta G210	mutant	534	modeling_inputs\colabfold\mutants\Amaranthus_palmeri_ATE88443.1_Delta_G210_MUTSEQ_005.fasta	not_started	Confirmed mapping mutant sequence MUTSEQ_005 prepared for ColabFold input.
MODEL_INPUT_009	Amaranthus palmeri	ATE88443.1	R128G	mutant	535	modeling_inputs\colabfold\mutants\Amaranthus_palmeri_ATE88443.1_R128G_MUTSEQ_006.fasta	not_started	Confirmed mapping mutant sequence MUTSEQ_006 prepared for ColabFold input.
MODEL_INPUT_010	Amaranthus palmeri	ATE88443.1	R128M	mutant	535	modeling_inputs\colabfold\mutants\Amaranthus_palmeri_ATE88443.1_R128M_MUTSEQ_007.fasta	not_started	Confirmed mapping mutant sequence MUTSEQ_007 prepared for ColabFold input.
MODEL_INPUT_011	Amaranthus tuberculatus	ABD52326.1	Delta G210	mutant	533	modeling_inputs\colabfold\mutants\Amaranthus_tuberculatus_ABD52326.1_Delta_G210_MUTSEQ_008.fasta	not_started	Confirmed mapping mutant sequence MUTSEQ_008 prepared for ColabFold input.
MODEL_INPUT_012	Amaranthus tuberculatus	ABD52326.1	R128G	mutant	534	modeling_inputs\colabfold\mutants\Amaranthus_tuberculatus_ABD52326.1_R128G_MUTSEQ_009.fasta	not_started	Confirmed mapping mutant sequence MUTSEQ_009 prepared for ColabFold input.
MODEL_INPUT_013	Amaranthus palmeri	ATE88443.1	Delta G210	mutant	534	modeling_inputs\colabfold\mutants\Amaranthus_palmeri_ATE88443.1_Delta_G210_MUTSEQ_010.fasta	not_started	Confirmed mapping mutant sequence MUTSEQ_010 prepared for ColabFold input.
MODEL_INPUT_014	Amaranthus palmeri	ATE88443.1	V361A	mutant	535	modeling_inputs\colabfold\mutants\Amaranthus_palmeri_ATE88443.1_V361A_MUTSEQ_011.fasta	not_started	Confirmed mapping mutant sequence MUTSEQ_011 prepared for ColabFold input.
MODEL_INPUT_015	Amaranthus palmeri	ATE88443.1	Delta G210	mutant	534	modeling_inputs\colabfold\mutants\Amaranthus_palmeri_ATE88443.1_Delta_G210_MUTSEQ_012.fasta	not_started	Confirmed mapping mutant sequence MUTSEQ_012 prepared for ColabFold input.
MODEL_INPUT_016	Amaranthus tuberculatus	ABD52326.1	Delta G210	mutant	533	modeling_inputs\colabfold\mutants\Amaranthus_tuberculatus_ABD52326.1_Delta_G210_MUTSEQ_013.fasta	not_started	Confirmed mapping mutant sequence MUTSEQ_013 prepared for ColabFold input.
MODEL_INPUT_017	Amaranthus palmeri	ATE88443.1	R128G	mutant	535	modeling_inputs\colabfold\mutants\Amaranthus_palmeri_ATE88443.1_R128G_MUTSEQ_014.fasta	not_started	Confirmed mapping mutant sequence MUTSEQ_014 prepared for ColabFold input.
MODEL_INPUT_018	Amaranthus tuberculatus	ABD52326.1	R128G	mutant	534	modeling_inputs\colabfold\mutants\Amaranthus_tuberculatus_ABD52326.1_R128G_MUTSEQ_015.fasta	not_started	Confirmed mapping mutant sequence MUTSEQ_015 prepared for ColabFold input.
MODEL_INPUT_019	Amaranthus palmeri	ATE88443.1	V361A	mutant	535	modeling_inputs\colabfold\mutants\Amaranthus_palmeri_ATE88443.1_V361A_MUTSEQ_016.fasta	not_started	Confirmed mapping mutant sequence MUTSEQ_016 prepared for ColabFold input.
MODEL_INPUT_020	Amaranthus palmeri	ATE88443.1	G399A	mutant	535	modeling_inputs\colabfold\mutants\Amaranthus_palmeri_ATE88443.1_G399A_MUTSEQ_017.fasta	not_started	Confirmed mapping mutant sequence MUTSEQ_017 prepared for ColabFold input.
MODEL_INPUT_021	Amaranthus tuberculatus	ABD52326.1	R128G	mutant	534	modeling_inputs\colabfold\mutants\Amaranthus_tuberculatus_ABD52326.1_R128G_MUTSEQ_018.fasta	not_started	Confirmed mapping mutant sequence MUTSEQ_018 prepared for ColabFold input.
MODEL_INPUT_022	Amaranthus tuberculatus	ABD52326.1	R128I	mutant	534	modeling_inputs\colabfold\mutants\Amaranthus_tuberculatus_ABD52326.1_R128I_MUTSEQ_019.fasta	not_started	Confirmed mapping mutant sequence MUTSEQ_019 prepared for ColabFold input.
MODEL_INPUT_023	Amaranthus palmeri	ATE88443.1	Delta G210	mutant	534	modeling_inputs\colabfold\mutants\Amaranthus_palmeri_ATE88443.1_Delta_G210_MUTSEQ_020.fasta	not_started	Confirmed mapping mutant sequence MUTSEQ_020 prepared for ColabFold input.
MODEL_INPUT_024	Amaranthus palmeri	ATE88443.1	G399A	mutant	535	modeling_inputs\colabfold\mutants\Amaranthus_palmeri_ATE88443.1_G399A_MUTSEQ_021.fasta	not_started	Confirmed mapping mutant sequence MUTSEQ_021 prepared for ColabFold input.
MODEL_INPUT_025	Amaranthus retroflexus	QDQ68833.1	R128G	mutant	535	modeling_inputs\colabfold\mutants\Amaranthus_retroflexus_QDQ68833.1_R128G_MUTSEQ_022.fasta	not_started	Confirmed mapping mutant sequence MUTSEQ_022 prepared for ColabFold input.
