queue_id	species	reference_accession	mutation	sequence_type	representative_input_fasta	source_mutant_sequence_ids	source_paper_ids	already_modeled	modeling_priority	modeling_status	notes
QUEUE_001	Amaranthus palmeri	ATE88443.1	WT	wildtype	modeling_inputs\colabfold\wildtype\Amaranthus_palmeri_ATE88443.1_WT.fasta			yes	low	completed	Already completed in pilot ColabFold model registry.
QUEUE_002	Amaranthus retroflexus	QDQ68833.1	WT	wildtype	modeling_inputs\colabfold\wildtype\Amaranthus_retroflexus_QDQ68833.1_WT.fasta			yes	low	completed	Already completed in pilot ColabFold model registry.
QUEUE_003	Amaranthus tuberculatus	ABD52326.1	WT	wildtype	modeling_inputs\colabfold\wildtype\Amaranthus_tuberculatus_ABD52326.1_WT.fasta			yes	low	completed	Already completed in pilot ColabFold model registry.
QUEUE_004	Amaranthus palmeri	ATE88443.1	V361A	mutant	modeling_inputs\colabfold\mutants\Amaranthus_palmeri_ATE88443.1_V361A_MUTSEQ_001.fasta	MUTSEQ_001;MUTSEQ_011;MUTSEQ_016	PAPER_003;PAPER_008;PAPER_017	yes	low	completed	Already completed in pilot ColabFold model registry.
QUEUE_005	Amaranthus palmeri	ATE88443.1	Delta G210	mutant	modeling_inputs\colabfold\mutants\Amaranthus_palmeri_ATE88443.1_Delta_G210_MUTSEQ_002.fasta	MUTSEQ_002;MUTSEQ_005;MUTSEQ_010;MUTSEQ_012;MUTSEQ_020	PAPER_006;PAPER_016;PAPER_008;PAPER_017;PAPER_024	yes	low	completed	Already completed in pilot ColabFold model registry.
QUEUE_006	Amaranthus palmeri	ATE88443.1	R128G	mutant	modeling_inputs\colabfold\mutants\Amaranthus_palmeri_ATE88443.1_R128G_MUTSEQ_003.fasta	MUTSEQ_003;MUTSEQ_006;MUTSEQ_014	PAPER_006;PAPER_016;PAPER_017	yes	low	completed	Already completed in pilot ColabFold model registry.
QUEUE_007	Amaranthus palmeri	ATE88443.1	R128M	mutant	modeling_inputs\colabfold\mutants\Amaranthus_palmeri_ATE88443.1_R128M_MUTSEQ_004.fasta	MUTSEQ_004;MUTSEQ_007	PAPER_006;PAPER_016	yes	low	completed	Already completed in pilot ColabFold model registry.
QUEUE_008	Amaranthus tuberculatus	ABD52326.1	Delta G210	mutant	modeling_inputs\colabfold\mutants\Amaranthus_tuberculatus_ABD52326.1_Delta_G210_MUTSEQ_008.fasta	MUTSEQ_008;MUTSEQ_013	PAPER_008;PAPER_017	yes	low	completed	Already completed in pilot ColabFold model registry.
QUEUE_009	Amaranthus tuberculatus	ABD52326.1	R128G	mutant	modeling_inputs\colabfold\mutants\Amaranthus_tuberculatus_ABD52326.1_R128G_MUTSEQ_009.fasta	MUTSEQ_009;MUTSEQ_015;MUTSEQ_018	PAPER_008;PAPER_017;PAPER_020	yes	low	completed	Already completed in pilot ColabFold model registry.
QUEUE_010	Amaranthus palmeri	ATE88443.1	G399A	mutant	modeling_inputs\colabfold\mutants\Amaranthus_palmeri_ATE88443.1_G399A_MUTSEQ_017.fasta	MUTSEQ_017;MUTSEQ_021	PAPER_017;PAPER_024	yes	low	completed	Already completed in pilot ColabFold model registry.
QUEUE_011	Amaranthus tuberculatus	ABD52326.1	R128I	mutant	modeling_inputs\colabfold\mutants\Amaranthus_tuberculatus_ABD52326.1_R128I_MUTSEQ_019.fasta	MUTSEQ_019	PAPER_020	yes	low	completed	Already completed in pilot ColabFold model registry.
QUEUE_012	Amaranthus retroflexus	QDQ68833.1	R128G	mutant	modeling_inputs\colabfold\mutants\Amaranthus_retroflexus_QDQ68833.1_R128G_MUTSEQ_022.fasta	MUTSEQ_022	PAPER_030	yes	low	completed	Already completed in pilot ColabFold model registry.
